Paper ID,Poster ID,Track,Decision,Title,Abstract,Authors
1,164,Non-Archival,Accept (Poster),VR-Robo: A Real-to-Sim-to-Real Framework for Visual Robot Navigation and Locomotion,"Recent success in legged robot locomotion is attributed to the integration of reinforcement learning and physical simulators. However, these policies often encounter challenges when deployed in real-world environments due to sim-to-real gaps, as simulators typically fail to replicate visual realism and complex real-world geometry. Moreover, the lack of realistic visual rendering limits the ability of these policies to support high-level tasks requiring RGB-based perception like ego-centric navigation. This paper presents a Real-to-Sim-to-Real framework that generates photorealistic and physically interactive ""digital twin"" simulation environments for visual navigation and locomotion learning. Our approach leverages 3D Gaussian Splatting (3DGS) based scene reconstruction from multi-view images and integrates these environments into simulations that support ego-centric visual perception and mesh-based physical interactions. To demonstrate its effectiveness, we train a reinforcement learning policy within the simulator to perform a visual goal-tracking task. Extensive experiments show that our framework achieves RGB-only sim-to-real policy transfer. Additionally, our framework facilitates the rapid adaptation of robot policies with effective exploration capability in complex new environments, highlighting its potential for applications in households and factories. Our project page is available at https://vr-robo.github.io/.","Shaoting Zhu, Linzhan Mou, Derun Li, Baijun Ye, Runhan Huang, Hang Zhao"
2,165,Non-Archival,Accept (Spotlight),DSO: Aligning 3D Generators with Simulation Feedback for Physical Soundness,"Most 3D object generators focus on aesthetic quality, often neglecting physical constraints necessary in applications. One such constraint is that the 3D object should be self-supporting, i.e., remains balanced under gravity. Prior approaches to generating stable 3D objects used differentiable physics simulators to optimize geometry at test-time, which is slow, unstable, and prone to local optima. Inspired by the literature on aligning generative models to external feedback, we propose Direct Simulation Optimization (DSO), a framework to use the feedback from a (non-differentiable) simulator to increase the likelihood that the 3D generator outputs stable 3D objects directly. We construct a dataset of 3D objects labeled with a stability score obtained from the physics simulator. We can then fine-tune the 3D generator using the stability score as the alignment metric, via direct preference optimization (DPO) or direct reward optimization (DRO), a novel objective that we introduce to align diffusion models without requiring pairwise preferences. Our experiments show that the fine-tuned feed-forward generator, using either DPO or DRO objective, is much faster and more likely to produce stable objects than test-time optimization. Notably, the DSO framework works even without any ground-truth 3D objects for training, allowing the 3D generator to self-improve by automatically collecting simulation feedback on its own outputs.","Ruining  Li, Chuanxia  Zheng, Christian Rupprecht, Andrea Vedaldi"
4,166,Non-Archival,Accept (Spotlight),PICO: Reconstructing 3D People In Contact with Objects,"Recovering 3D Human-Object Interaction (HOI) from single color images is challenging due to depth ambiguities, occlusions, and the huge variation in object shape and appearance. Thus, past work requires controlled settings such as known object shapes and contacts, and tackles only limited object classes. Instead, we need methods that generalize to natural images and novel object classes. We tackle this in two main ways: (1) We collect PICO-db, a new dataset of natural images uniquely paired with dense 3D contact on both body and object meshes. To this end, we use images from the recent DAMON dataset that are paired with contacts, but these contacts are only annotated on a canonical 3D body. In contrast, we seek contact labels on both the body and the object. To infer these given an image, we retrieve an appropriate 3D object mesh from a database by leveraging vision foundation models. Then, we project DAMON's body contact patches onto the object via a novel method needing only 2 clicks per patch. This minimal human input establishes rich contact correspondences between bodies and objects. (2) We exploit our new dataset of contact correspondences in a novel render-and-compare fitting method, called PICO-fit, to recover 3D body and object meshes in interaction. PICO-fit infers contact for the SMPL-X body, retrieves a likely 3D object mesh and contact from PICO-db for that object, and uses the contact to iteratively fit the 3D body and object meshes to image evidence via optimization. Uniquely, PICO-fit works well for many object categories that no existing method can tackle. This is crucial to enable HOI understanding to scale in the wild. Our code and data are available at https://pico.is.tue.mpg.de","Alpár Cseke, Shashank Tripathi, Sai Kumar Dwivedi, Arjun Lakshmipathy, Agniv Chatterjee, Michael J. Black, Dimitrios Tzionas"
5,167,Non-Archival,Accept (Spotlight),DeGauss: Dynamic-Static Decomposition with Gaussian Splatting for Distractor-free 3D Reconstruction,"Reconstructing clean, distractor-free 3D scenes from real-world captures remains a significant challenge, particularly in highly dynamic and cluttered settings such as egocentric videos. To tackle this problem, we introduce DeGauss, a simple and robust self-supervised framework for dynamic scene reconstruction based on a decoupled dynamic-static Gaussian Splatting design. DeGauss models dynamic elements with foreground Gaussians and static content with background Gaussians, using a probabilistic mask to coordinate their composition and enable independent yet complementary optimization. DeGauss generalizes robustly across a wide range of real-world scenarios, from casual image collections to long, dynamic egocentric videos, without relying on complex heuristics or extensive supervision. Experiments on benchmarks including NeRF-on-the-go, ADT, AEA, Hot3D, and EPIC-Fields demonstrate that DeGauss consistently outperforms existing methods, establishing a strong baseline for generalizable, distractor-free 3D reconstructionin highly dynamic, interaction-rich environments.","Rui Wang, Quentin Lohmeyer, Mirko Meboldt, Siyu Tang"
7,168,Non-Archival,Accept (Poster),Avatar++: Fast and Pose-Controllable 3D Human Avatar Generation from a Single Image,"We introduce Avatar++ as an optimization-free pipeline that converts a single frontal photograph into a 3D representation in a single forward pass, taking less than 15 seconds. Single-image avatar reconstruction is difficult due to the complex structure of the human body and fine facial details, while most existing models employ Score Distillation Sampling or iterative refinement. Our model introduce a multi-view Diffusion Transformer(DiT) with dual facial and global visual embeddings, which generates viewpoint-aligned images that preserve the subject’s facial identity. We introduce an attention mechanism that propagates information from the input image during sampling to enhance visual quality. We additionally give guidance on the pose to generate either a canonical pose (e.g., T-pose or A-pose) or replicate the pose from the input image using OpenPose. These contributions position Avatar++ as a unified and efficient framework for generating identity-consistent and pose-controllable 3D human avatars from a single image. The proposed model achieves state-of-the-art performance on Thuman2.0 and RenderPeople benchmarks across all evaluation metrics, while delivering a 5× faster inference time than the fastest existing method.","Seonghee Han, Minchang Chung, Gyeongsu Cho, Kyungdon Joo, Taehwan Kim"
8,169,Non-Archival,Accept (Poster),3D Weather Editing with 4D Gaussian Field,"In this work, we present WeatherEdit, a novel weather editing pipeline for generating realistic weather effects with controllable types and severity in 3D scenes. Our approach is structured into two key components: weather background editing and weather particle construction. For weather background editing, we introduce an all-in-one adapter that integrates multiple weather styles into a single pretrained diffusion model, enabling the generation of diverse weather effects in 2D image backgrounds. During inference, we design a Temporal-View (TV-) attention mechanism that follows a specific order to aggregate temporal and spatial information, ensuring consistent editing across multi-frame and multi-view images. To construct the weather particles, we first reconstruct a 3D scene using the edited images and then introduce a dynamic 4D Gaussian field to generate snowflakes, raindrops and fog in the scene. The attributes and dynamics of these particles are precisely controlled through physical-based modelling and simulation, ensuring realistic weather representation and flexible severity adjustments. Finally, we integrate the 4D Gaussian field with the 3D scene to render consistent and highly realistic weather effects. Experiments on multiple driving datasets demonstrate that WeatherEdit can generate diverse weather effects with controllable condition severity, highlighting its potential for autonomous driving simulation in adverse weather.","Chenghao Qian, Wenjing Li, Yuhu Guo, Gustav Markkula"
9,170,Non-Archival,Accept (Poster),ZeroHSI: Zero-Shot 4D Human-Scene Interaction by Video Generation,"Human-scene interaction (HSI) generation is crucial for applications in embodied AI, virtual reality, and robotics. Yet, existing methods cannot synthesize interactions in unseen environments, such as in-the-wild scenes or reconstructed scenes, as they rely on paired 3D scenes and captured human motion data for training, which are unavailable for unseen environments. We present ZeroHSI, a novel approach that enables zero-shot 4D human-scene interaction synthesis, eliminating the need for training on any MoCap data. Our key insight is to distill human-scene interactions from state-of-the-art video generation models, which have been trained on vast amounts of natural human movements and interactions, and use differentiable rendering to reconstruct human-scene interactions. ZeroHSI can synthesize realistic human motions in both static scenes and environments with dynamic objects, without requiring any ground-truth motion data. We evaluate ZeroHSI on a curated dataset of different types of various indoor and outdoor scenes with different interaction prompts, demonstrating its ability to generate diverse and contextually appropriate human-scene interactions.","Hongjie Li, Hong-Xing Yu, Jiaman Li, Jiajun Wu"
10,171,Non-Archival,Accept (Spotlight),Robot Learning from Any Images,"We introduce RoLA, a framework that transforms any in‑the‑wild image into an interactive, physics‑enabled robotic environment. Unlike previous methods, RoLA operates directly on a single image without requiring additional hardware or digital assets. Our framework democratizes robotic data generation by producing massive visuomotor robotic demonstrations within minutes from a wide range of image sources, including camera captures, robotic datasets, and Internet images. At its core, our approach combines a novel method for single-view physical scene recovery with an efficient visual blending strategy for photorealistic data collection. We demonstrate RoLA's versatility across applications like scalable robotic data generation and augmentation, robot learning from internet images, and single-image real-to-sim-to-real systems for manipulators and humanoids. Video results are available at our \href{https://rola-2025.github.io/}{project page}.","Siheng Zhao, Jiageng Mao, Wei Chow, Zeyu Shangguan, Tianheng Shi, Rong Xue, Yuxi Zheng, Yijia Weng, Yang You, Daniel Seita, Leonidas Guibas, Sergey Zakharov, Vitor Guizilini, Yue Wang"
12,172,Non-Archival,Accept (Poster),PhysRig: Differentiable Physics-Based Skinning and Rigging Framework for Realistic Articulated Object Modeling,"Skinning and rigging are fundamental components in animation, articulated object reconstruction, motion transfer, and 4D generation. Existing approaches predominantly rely on Linear Blend Skinning (LBS), due to its simplicity and differentiability. However, LBS introduces artifacts such as volume loss and unnatural deformations, and it fails to model elastic materials like soft tissues, fur, and flexible appendages (e.g., elephant trunks, ears, and fatty tissues). In this work, we propose PhysRig: a differentiable physics-based skinning and rigging framework that overcomes these limitations by embedding the rigid skeleton into a volumetric representation (e.g., a tetrahedral mesh), which is simulated as a deformable soft-body structure driven by the animated skeleton. Our method leverages continuum mechanics and discretizes the object as particles embedded in an Eulerian background grid to ensure differentiability with respect to both material properties and skeletal motion. Additionally, we introduce material prototypes, significantly reducing the learning space while maintaining high expressiveness. To evaluate our framework, we construct a comprehensive synthetic dataset using meshes from Objaverse, The Amazing Animals Zoo, and Mixamo, covering diverse object categories and motion patterns. Our method consistently outperforms traditional LBS-based approaches, generating more realistic and physically plausible results. Furthermore, we demonstrate the applicability of our framework in the pose transfer task highlighting its versatility for articulated object modeling.","Hao Zhang, Haolan Xu, Chun Feng, Varun Jampani, Narendra Ahuja"
13,173,Non-Archival,Accept (Poster),Leveraging 2D Priors and SDF Guidance for Dynamic Urban Scene Rendering,"Dynamic scene rendering and reconstruction play a crucial role in computer vision and augmented reality. Recent methods based on 3D Gaussian Splatting (3DGS), have enabled accurate modeling of dynamic urban scenes, but for urban scenes they require both camera and LiDAR data, ground-truth 3D segmentations and motion data in the form of tracklets or pre-defined object templates such as SMPL. In this work, we explore whether a combination of 2D object agnostic priors in the form of depth and point tracking coupled with a signed distance function (SDF) representation for dynamic objects can be used to relax some of these requirements. We present a novel approach that integrates Signed Distance Functions (SDFs) with 3D Gaussian Splatting (3DGS) to create a more robust object representation by harnessing the strengths of both methods. Our unified optimization framework enhances the geometric accuracy of 3D Gaussian splatting and improves deformation modeling within the SDF, resulting in a more adaptable and precise representation. We demonstrate that our method achieves state-of-the-art performance in rendering metrics even without LiDAR data on urban scenes. When incorporating LiDAR, our approach improved further in reconstructing and generating novel views across diverse object categories, without ground-truth 3D motion annotation. Additionally, our method enables various scene editing tasks, including scene decomposition, and scene composition.","Siddharth Tourani, Jayaram Reddy, Akash Kumbar, Satyajit Tourani, Nishant Goyal, Madhava Krishna, N Dinesh Reddy, Muhammad Haris Khan"
14,174,Non-Archival,Accept (Spotlight),MonoFusion: Sparse-View 4D Reconstruction via Monocular Fusion,"We address the problem of dynamic scene reconstruction from sparse-view videos. Prior work often requires dense multi-view captures with hundreds of calibrated cameras (e.g. Panoptic Studio) - such multi-view setups are prohibitively expensive to build and cannot capture diverse scenes in-the-wild. In contrast, we aim to reconstruct dynamic human behaviors, such as repairing a bike or dancing, from a small set of sparse-view cameras with complete scene coverage (e.g. four equidistant inward-facing static cameras). We find that dense multi-view reconstruction methods struggle to adapt to this sparse-view setup due to limited overlap between viewpoints. To address these limitations, we carefully align independent monocular reconstructions of each camera to produce time- and view-consistent dynamic scene reconstructions. Extensive experiments on PanopticStudio and Ego-Exo4D demonstrate that our method achieves higher quality reconstructions than prior art, particularly when rendering novel views.","Zihan Wang, Jeff Tan, Tarasha Khurana, Neehar Peri, Deva Ramanan "
15,175,Non-Archival,Accept (Poster),Indoor 3D Gaussian Splatting with Structure Awareness for Panorama-Style Mobile Captures,"Recent developments in 3D Gaussian Splatting have achieved real-time novel view synthesis with remarkable visual quality. However, producing high-fidelity renderings still demands carefully captured images that comprehensively cover the scene, which restricts usability for non-expert users. While capturing a scene with a single mobile device is convenient, it has been limited in its ability to reliably reconstruct indoor environments due to the fact that its rotation-dominant motion and narrow baseline make accurate camera pose and 3D point estimation challenging, especially in textureless indoor scenes. To address these challenges, we propose a novel and efficient initialization method inspired by man-made structures, which leverages planar structural cues in indoor environments. We also jointly update color inconsistencies and inaccurate camera poses caused by auto-exposure and motion drift on mobile devices. Experimental results show photorealistic rendering, outperforming state-of-the-art methods on the collected real-world scenes.","Seungoh Han, Jaehoon Jang, Hyunsu Kim, Jaeheung Surh, Junhyung Kwak, Hyowon Ha, Kyungdon Joo"
16,176,Non-Archival,Accept (Poster),Towards Understanding Camera Motions in Any Video,"We introduce CameraBench, a large-scale dataset and benchmark designed to assess and improve camera motion understanding. CameraBench consists of ~3,000 diverse internet videos, annotated by experts through a rigorous multi-stage quality control process. One of our core contributions is a taxonomy or ""language"" of camera motion primitives, designed in collaboration with cinematographers. We find, for example, that some motions like ""follow"" (or tracking) require understanding scene content like moving subjects. We conduct a large-scale human study to quantify human performance, revealing that domain expertise and tutorial-based training can significantly enhance accuracy. For example, a novice may confuse zoom-in (a change of intrinsics) with translating forward (a change of extrinsics), but can be trained to differentiate the two. Using CameraBench, we evaluate Structure-from-Motion (SfM) and Video-Language Models (VLMs), finding that SfM models struggle to capture semantic primitives that depend on scene content, while generative VLMs struggle to capture geometric primitives that require precise estimation of trajectories. We then fine-tune a generative VLM on CameraBench to achieve the best of both worlds and showcase its applications, including motion-augmented captioning, video question answering, and video-text retrieval. We hope our taxonomy, benchmark, and tutorials will drive future efforts towards the ultimate goal of understanding camera motions in any video.","Siyuan Cen, Hewei Wang, Chancharik Mitra, Daniel Jiang, Jay Karhade, Yu Tong, Tiffany Ling, Yuhan Huang, Rushikesh Zawar, Xue Bai, Yilun Du, Deva Ramanan, Zhiqiu Lin"
17,177,Non-Archival,Accept (Poster),Not All Frame Features Are Equal: Video-to-4D Generation via Decoupling Dynamic-Static Features,"Recently, the generation of dynamic 3D objects from a video has shown impressive results. Existing methods directly optimize Gaussians using whole information in frames. However, when dynamic regions are interwoven with static regions within frames, particularly if the static regions account for a large proportion, existing methods often overlook information in dynamic regions and are prone to overfitting on static regions. This leads to producing results with blurry textures. We consider that decoupling dynamic-static features to enhance dynamic representations can alleviate this issue. Thus, we propose a dynamic-static feature decoupling module (DSFD). Along temporal axes, it regards the regions of current frame features that possess significant differences relative to reference frame features as dynamic features. Conversely, the remaining parts are the static features. Then, we acquire decoupled features driven by dynamic features and current frame features. Moreover, to further enhance the dynamic representation of decoupled features from different viewpoints and ensure accurate motion prediction, we design a temporal-spatial similarity fusion module (TSSF). Along spatial axes, it adaptively selects similar information of dynamic regions. Hinging on the above, we construct a novel approach, DS4D. Experimental results verify our method achieves state-of-the-art (SOTA) results in video-to-4D. In addition, the experiments on a real-world scenario dataset demonstrate its effectiveness on the 4D scene.","Liying Yang, Chen Liu, Zhenwei Zhu, Ajian Liu, Hui Ma, Jian Nong, Yanyan Liang"
18,178,Non-Archival,Accept (Poster),GaussTac: Unified Neural Rendering and Tactile Simulation for Dexterous Hands,"Simulating dexterous hands with both photorealism and tactile feedback remains an open challenge. Recent neural rendering approaches enable realistic visual simulation but lack tactile modeling, while existing tactile methods rely on traditional graphics pipelines with limited visual fidelity. We present GaussTac, the first framework unifying photorealistic neural rendering and deformable tactile simulation for dexterous robotic hands. GaussTac leverages 3D Gaussian Splatting (3DGS) for RGB rendering and a Partly Controlled MPM paradigm for fine-grained deformation. Rigid articulated parts are controlled via MuJoCo, while deformable fingertip regions are simulated with MPM, allowing simultaneous rigid control and non-rigid dynamics. Tactile signals are extracted from MPM particle states. Experiments show that GaussTac achieves state-of-the-art visual and tactile fidelity, and we release code, models, and data for future research.","Boyuan Chen, Pengyao Niu, Zirui Wang, Yixin Zhu, Hao Zhao"
A4,179,Archival Track,Accept (Spotlight),3D Gaussian Representations with Motion Trajectory Field for Monocular Dynamic Scene Reconstruction,"This paper addresses the challenge of novel-view synthesis and motion reconstruction of dynamic scenes from monocular video, which is critical for many robotic applications. Although Neural Radiance Fields (NeRF) and 3D Gaussian Splatting (3DGS) have demonstrated remarkable success in rendering static scenes, extending them to reconstruct dynamic scenes remains challenging. In this work, we introduce a novel approach that combines 3DGS with a motion trajectory field, enabling precise handling of complex object motions and achieving physically plausible motion trajectories. By decoupling dynamic objects from static background, our method compactly optimizes the motion trajectory field. The approach incorporates time-invariant motion coefficients and shared motion trajectory bases to capture intricate motion patterns while minimizing optimization complexity. Extensive experiments demonstrate that our approach achieves state-of-the-art results in both novel-view synthesis and motion trajectory recovery from monocular video, advancing the capabilities of dynamic scene reconstruction.","Xuesong Li, Lars Petersson, Vivien Rolland"
A6,180,Archival Track,Accept (Poster),Improving Viewpoint Consistency in 3D Generation via Structure Feature and CLIP Guidance,"Despite recent advances in text-to-3D generation techniques, current methods often suffer from geometric inconsistencies, commonly called the Janus Problem. This work discusses the potential cause of the Janus problem: the bias in viewpoints (\ie, long-tailed distribution in viewpoints) of images generated by the diffusion model. It is found that the diffusion model tends to generate images from the front viewpoints. To address the issue, we propose a training-free approach called the Structure Feature and CLIP Guidance (SFCG) mechanism, which provides various guidance during the generation process. First, SFCG enhances the consistency between the generated image and the desired viewpoints by exploiting the self-guidance strategy combined with rich structural representation in the diffusion model. Then, it employs CLIP-based view-text similarities to filter out the generated images that do not match their desired viewpoints for balancing the incorrect optimization of 3D representations. Extensive experiments demonstrate that our method effectively addresses the Janus Problem without compromising generation speed.","Qing Zhang, Jinguang Tong, Jing Zhang, Jie Hong, Xuesong Li"
A7,181,Archival Track,Accept (Poster),Articulated Object Understanding from a Single Video Sequence,"This paper introduces a novel method for estimating the structure and joint parameters of articulated objects from a single casual video, captured by a potentially moving camera. Unlike previous works that rely on multiple static views or a priori knowledge of the object category, our approach leverages 2D point tracking and depth map prediction to generate 3D trajectories of points on the object. By analyzing these trajectories, we generate and evaluate hypotheses about joint parameters, selecting the best combination using the Bayesian Information Criterion (BIC) to avoid overfitting. We then optimize a dense 3D model of the object using Gaussian Splatting, guided by the selected joint hypotheses. Our method accurately recovers the geometry, segmentation into parts, joint parameters, and motion of each part, enabling the rendering of the object from new viewpoints and under new articulation states. Extensive evaluations on several datasets demonstrate the effectiveness of our approach.","Arslan Artykov, Clémentin Boittiaux, Vincent Lepetit"